{"cameraMode":{"drawMode":0,"name":"Shaded","section":"Shading Mode"},"sceneLighting":false,"audioPlay":false,"sceneViewState":{"m_AlwaysRefresh":false,"showFog":true,"showSkybox":false,"showFlares":true,"showImageEffects":true,"showParticleSystems":true,"showVisualEffectGraphs":true,"m_FxEnabled":true},"in2DMode":false,"pivot":{"x":-37.98606491088867,"y":20.265466690063478,"z":-3.9150848388671877},"rotation":{"x":0.07288502156734467,"y":-0.08065710961818695,"z":-0.0059126149863004688,"w":-0.9940589666366577},"size":4.466025352478027,"orthographic":false}