{"cameraMode":{"drawMode":0,"name":"Shaded","section":"Shading Mode"},"sceneLighting":false,"audioPlay":false,"sceneViewState":{"m_AlwaysRefresh":false,"showFog":true,"showSkybox":false,"showFlares":true,"showImageEffects":true,"showParticleSystems":true,"showVisualEffectGraphs":true,"m_FxEnabled":true},"in2DMode":false,"pivot":{"x":-10.152524948120118,"y":-6.426466941833496,"z":17.626554489135743},"rotation":{"x":0.17526111006736756,"y":-0.3752248287200928,"z":0.07247502356767655,"w":0.9073266983032227},"size":12.841891288757325,"orthographic":false}