{"cameraMode":{"drawMode":0,"name":"Shaded","section":"Shading Mode"},"sceneLighting":true,"audioPlay":false,"sceneViewState":{"m_AlwaysRefresh":false,"showFog":true,"showSkybox":true,"showFlares":true,"showImageEffects":true,"showParticleSystems":true,"showVisualEffectGraphs":true,"m_FxEnabled":true},"in2DMode":false,"pivot":{"x":72.21487426757813,"y":-51.826744079589847,"z":273.12567138671877},"rotation":{"x":-0.10892752557992935,"y":-0.10952280461788178,"z":0.011933811008930207,"w":-0.9878544807434082},"size":161.70880126953126,"orthographic":false}